PBXGrp1,PBXGrp2,PBXGrp3,PBXGrp4,PBXGrp5,PBXGrp6,PBXGrp7,PBXGrp8,PBXGrp9,PBXGrp10,PBXGrp11,PBXGrp12,PBXGrp13,PBXGrp14,PBXGrp15,PBXGrp16,PBXGrp17,PBXGrp18,PBXGrp19,PBXGrp20,PBXGrp21,PBXGrp22,PBXGrp23
caliber0000to0024,abraautobodyglass,abraautobodyglass101,calibercollision1,calibercollision101,calibercollision0002,calibercollision0201,calibercollision0501,calibercollision0601,calibercollision0801,calibercollision1003,calibercollision1102,calibercollision1204,calibercollision1452,calibercollision1601,calibercollision2001,calibercollision2303,calibercollision2700,calibercollision3003,,calibercollision6001,calibercollision9000,caliber0002
caliber0025to0049,abraautobodyglass1,abraautobodyglass102,calibercollision2,calibercollision102,calibercollision0003,calibercollision0203,calibercollision0502,calibercollision0602,calibercollision0802,calibercollision1004,calibercollision1103,calibercollision1208,calibercollision1453,calibercollision1602,calibercollision2002,calibercollision2305,calibercollision2701,calibercollision3006,calibercollision4001,calibercollision6002,calibercollision9001,caliber0003
caliber0050to0074,abraautobodyglass2,abraautobodyglass103,calibercollision02,calibercollision103,calibercollision0004,calibercollision0205,calibercollision0503,calibercollision0604,calibercollision0803,calibercollision1006,calibercollision1104,calibercollision1209,calibercollision1455,calibercollision1603,calibercollision2003,calibercollision2306,calibercollision2709,calibercollision3007,calibercollision4002,calibercollision6004,calibercollision9002,caliberautocare
caliber0075to0099,abraautobodyglass3,abraautobodyglass104,calibercollision3,calibercollision104,calibercollision0005,calibercollision0207,calibercollision0504,calibercollision0605,calibercollision0804,calibercollision1007,calibercollision1105,,calibercollision1456,,calibercollision2005,calibercollision2307,calibercollision2710,calibercollision3009,,calibercollision6005,calibercollision9003,
caliber0100to0124,abraautobodyglass4,abraautobodyglass105,calibercollision4,calibercollision105,,calibercollision0208,calibercollision0505,calibercollision0606,calibercollision0805,calibercollision1008,calibercollision1106,,calibercollision1457,,calibercollision2008,calibercollision2309,calibercollision2711,calibercollision3010,calibercollision4101,calibercollision6006,calibercollision9004,xxxxxx294
caliber0125to0149,abraautobodyglass5,abraautobodyglass106,calibercollision5,calibercollision106,,calibercollision0209,calibercollision0506,calibercollision0607,calibercollision0807,calibercollision1009,calibercollision1108,,calibercollision1458,calibercollision1606,calibercollision2009,,calibercollision2712,calibercollision3012,calibercollision4102,calibercollision6008,calibercollision9005,xxxxxx344
caliber0150to0174,abraautobodyglass6,abraautobodyglass107,calibercollision6,calibercollision107,calibercollision0007,calibercollision0210,calibercolision0507,calibercollision0508,calibercollision0608,calibercollision0809,,,calibercollision1211,,,,calibercollision2311,calibercollision2713,calibercollision3013,calibercollision4104,,xxxxxx346
,,,,,,,,,,,,,,,,,,,,calibercollision6010,calibercollision9006,xxxxxx347
caliber0200to0224,abraautobodyglass7,abraautobodyglass108,calibercollision7,calibercollision108,calibercollision0008,calibercollision0211,calibercollision0510,calibercollision0609,calibercollision0810,calibercollision1010,calibercollision1111,calibercollision1216,,calibercollision1613,calibercollision2010,calibercollision2313,,calibercollision3014,calibercollision4106,calibercollision6011,calibercollision9007,xxxxxx348
caliber0225to0249,abraautobodyglass8,abraautobodyglass109,calibercollision8,calibercollision109,calibercollision0009,calibercollision0212,calibercollision0511,calibercollision0610,calibercollision0811,calibercollision1011,calibercollision1112,calibercollision1217,,calibercollision1615,calibercollision2011,calibercollision2314,,calibercollision3015,calibercollision4107,calibercollision6012,calibercollision9008,xxxxxx350
caliber0250to0274,abraautobodyglass9,abraautobodyglass110,calibercollision08,calibercollision110,calibercollision0010,calibercollision0217,calibercollision0512,calibercollision0611,calibercollision0812,calibercollision1012,calibercollisio1113,,,calibercollision1616,calibercollision2013,calibercollision2315,calibercollision2752,calibercollision3017,calibercollision4111,calibercollision6013,calibercollision9009,xxxxxx353
caliber0275to0299,abraautobodyglass10,abraautobodyglass111,calibercollision9,calibercollision111,calibercollision0011,calibercollision0218,calibercollision0513,calibercollision0613,calibercollision0813,calibercollision1014,calibercollision1114,calibercollision1222,calibercollision1501,calibercollision1617,calibercollision2014,calibercollision2316,calibercollision2753,calibercollision3022,calibercollision4112,calibercollision6015,calibercollision9010,
caliber0300to0324,abraautobodyglass11,abraautobodyglass112,calibercollision10,calibercollision112,calibercollision0013,calibercollision0219,calibercollision0514,calibercollision0614,calibercollision0814,calibercollision1015,calibercollision1116,calibercollision1223,calibercollision1502,calibercollision1618,calibercollision2018,calibercollision2317,,calibercollision3026,calibercollision4113,calibercollision6017,calibercollision9011,kadelsinc1
,,,calibercollision010,,,,,,,,,,,,,,,,,,,abraautobodyglasslp3
caliber0400to0424,abraautobodyglass12,abraautobodyglass113,calibercollision011,calibercollision113,calibercollision0014,calibercollision0220,calibercollision0515,calibercollision0615,calibercollision0815,calibercollision1016,calibercollision1117,calibercollision1224,calibercollision1503,,,,calibercollision2800,calibercollision3027,calibercollision4114,calibercollision6031,calibercollision9012,abraautobodyglasslp2
caliber0500to0524,abraautobodyglass13,abraautobodyglass114,calibercollision012,calibercollision114,calibercollision0017,calibercollision0221,calibercollision0516,calibercollision0617,calibercollision0816,calibercollision1017,calibercollision1118,calibercollision1225,calibercollision1504,calibercollision1620,calibercollision2020,,calibercollision2803,calibercollision3028,calibercollision4126,calibercollision6032,calibercollision9013,a5910marylandheights
caliber0525to0549,abraautobodyglass14,abraautobodyglass115,calibercollision11,calibercollision115,calibercollision0020,calibercollision0222,calibercollision0519,calibercollision0618,calibercollision0817,calibercollision1018,calibercollision1119,calibercollision1226,calibercollision1505,calibercollision1623,calibercollision2022,calibercollision2343,calibercollision2806,calibercollision3029,calibercollision4138,calibercollision6033,calibercollision9014,
caliber0550to0574,abraautobodyglass15,abraautobodyglass116,calibercollision12,calibercollision116,calibercollision0026,calibercollision0223,calibercollision0520,calibercollision0619,calibercollision0819,,calibercollisio1120,calibercollision1227,calibercollision1507,calibercollision1624,calibercollision2023,calibercollision2344,calibercollision2807,calibercollision3030,calibercollision4140,,calibercollision9015,
caliber0575to0599,abraautobodyglass16,abraautobodyglass117,calibercollision13,calibercollision117,calibercollision0028,calibercollision0224,calibercollision0521,calibercollision0620,calibercollision0820,calibercollision1020,calibercollision1121,calibercollision1228,calibercollision1509,calibercollision1626,calibercollision2026,,calibercollision2819,calibercollision3031,,,calibercollision9016,
caliber0600to0624,abraautobodyglass17,abraautobodyglass118,calibercollision14,calibercollision118,calibercollision0029,calibercollision0225,calibercollision0523,calibercollision0621,calibercollision0823,calibercollision1021,calibercollision1122,,,calibercollision1627,calibercollision2028,calibercollision2352,calibercollision2822,calibercollision3032,calibercollision4200,,calibercollision9017,
caliber0625to0649,abraautobodyglass18,abraautobodyglass119,calibercollision15,calibercollision119,calibercollision0030,calibercollision0226,calibercollision0524,calibercollision0622,calibercollision0826,calibercollision1022,calibercollision1123,calibercollision1230,,,,calibercollision2354,calibercollision2839,calibercollision3039,,,calibercollision9018,
caliber0650to0674,abraautobodyglass19,abraautobodyglass120,calibercollision16,calibercollision120,calibercollision0031,calibercollision0228,calibercollision0526,calibercollision0624,calibercollision0828,calibercollision1025,calibercollision1124,calibercollision1231,,calibercollision1630,calibercollision2030,calibercollision2356,calibercollision2840,calibercollision3040,calibercollision4308,,calibercollision9020,
caliber0675to0699,abraautobodyglass20,abraautobodyglass121,calibercollision17,calibercollision121,calibercollision0033,calibercollision0229,calibercollision0527,calibercollision0627,calibercollision0831,calibercollision1027,calibercollision1125,calibercollision1234,calibercollision1510,calibercollision1631,calibercollision2031,calibercollision2357,calibercollision2841,calibercollision3041,calibercollision4309,,calibercollision9021,
caliber0700to0724,abraautobodyglass21,abraautobodyglass122,calibercollision18,calibercollision122,calibercollision0034,calibercollision0230,calibercollision0528,calibercollision0628,calibercollison0832a,,calibercollision1126,calibercollision1235,calibercollision1511,calibercollision1632,calibercollision2032,calibercollision2358,calibercollision2842,calibercollision3043,calibercollision4312,,calibercollision9022,
caliber0725to0749,abraautobodyglass22,abraautobodyglass123,calibercollision19,calibercollision123,calibercollision0035,calibercollision0231,calibercollision0529,calibercollision0629,calibercollision0836,calibercollision1031,calibercollision1127,calibercollision1238,calibercollision1512,calibercollision1633,calibercollision2034,calibercollision2359,calibercollision2843,calibercollision3049,calibercollision4317,,calibercollision9023,
caliber0750to0774,abraautobodyglass23,abraautobodyglass124,calibercollision20,calibercollision124,calibercollision0037,calibercollision0244,calibercollision0543,calibercollision0630,calibercollision0861,calibercollision1032,calibercollision1128,calibercollision1239,calibercollision1515,calibercollision1634,calibercollision2035,,calibercollision2844,calibercollision3051,calibercollision4322,,calibercollision9024,
caliber0775to0799,abraautobodyglass24,abraautobodyglass125,calibercollision22,calibercollision125,calibercollision0039,calibercollision0247,calibercollision0545,calibercollision0631,calibercollision0873,calibercollision1033,,,calibercollision1517,calibercollision1635,calibercollision2038,,calibercollision2845,calibercollision3052,calibercollision4323,,calibercollision9025,
caliber0800to0824,abraautobodyglass25,abraautobodyglass126,calibercollision23,calibercollision126,calibercollision0040,calibercollision0248,calibercollision0548,calibercollision0632,calibercollision0875,calibercollision1034,calibercollision1134,calibercollision1240,calibercollision1518,calibercollision1636,,,calibercollision2846,calibercollision3053,calibercollision4326,,calibercollision9026,
caliber0825to0849,abraautobodyglass27,abraautobodyglass127,calibercollision24,calibercollision127,calibercollision0041,calibercollision0254,calibercollision0549,calibercollision0634,calibercollision0876,calibercollision1035,calibercollision1135,calibercollision1243,calibercollision1519,,calibercollision2041,,calibercollision2847,calibercollision3054,calibercollision4327,,calibercollision9027,
caliber0850to0874,abraautobodyglass28,abraautobodyglass128,calibercollision25,calibercollision128,calibercollision0042,calibercollision0259,calibercollision0550,calibercollision0649,calibercollision0877,calibercollision1036,calibercollision1136,calibercollision1245,calibercollision1520,calibercollision1641,calibercollision2042,,calibercollision2848,,calibercollision4328,,calibercollision9028,
caliber0875to0899,abraautoglass24,abraautobodyglass129,calibercollision26,calibercollision129,calibercollision0043,calibercollision0260,calibercollision0551,calibercollision0650,calibercollision0880,calibercollision1037,calibercollision1137,calibercollision1248,calibercollision1522,,calibercollision2045,,calibercollision2849,,calibercollision4329,,calibercollision9030,
caliber0900thru0924,abraautoglass25,abraautobodyglass130,calibercollision27,calibercollision130,calibercollision0044,calibercollision0261,calibercollision0553,calibercollision0652,calibercollision0906,calibercollision1038,calibercollision1138,,calibercollision1524,,calibercollision2046,,,,calibercollision4330,,calibercollision9031,
caliber0900to0924,abraautoglass26,abraautobodyglass131,calibercollision28,calibercollision131,calibercollision0046,calibercollision0262,calibercollision0554,calibercollision0654,,calibercollision1039,calibercollision1140,calibercollision1254,calibercollision1525,calibercollision1701,calibercollision2047,,calibercollision2904,,calibercollision4331,,calibercollision9032,
caliber0950to0974,abraautoglass27,abraautobodyglass132,calibercollision29,calibercollision132,calibercollision0047,calibercollision0266,calibercollision0555,calibercollision0655,,,calibercollision1141,calibercollision1256,calibercollision1527,calibercollision1702,,,calibercollision2916,calibercollision3312,calibercollision4332,,calibercollision9033,
caliber1000thru1024,,abraautobodyglass133,,calibercollision133,calibercollision0055,calibercollision0269,calibercollision0556,calibercollision0656,,calibercollision1040,calibercollision1142,,calibercollision1531,calibercollision1703,calibercollision2051,,calibercollision2920,calibercollision3344,,,calibercollision9034,
caliber1000to1024,abraautobodyglass30,abraautobodyglass134,calibercollision31,calibercollision134,calibercollision0056,calibercollision0270,calibercollision0558,calibercollision0657,,calibercollision1041,calibercollision1143,calibercollision1260,calibercollision1536,calibercollision1704,calibercollision2052,,calibercollision2927,calibercollision3353,,,calibercollision9035,
caliber1025to1049,abraautobodyglass32,abraautobodyglass135,calibercollision32,calibercollision135,calibercollision0057,calibercollision0272,calibercollision0559,calibercollision0658,,calibercollision1042,calibercollision1145,calibercollision1261,calibercollision1537,,calibercollision2053,,calibercollision2931,calibercollision3354,,,calibercollision9036,
caliber1050to1074,abraautobodyglass33,abraautobodyglass136,calibercollision33,calibercollision136,calibercollision0058,calibercollision0273,calibercollision0560,calibercollision0659,,calibercollision1043,calibercollision1146,calibercollision1262,calibercollision1538,,calibercollision2055,,calibercollision2932,calibercollision3355,,,calibercollision9037,
caliber1075to1099,abraautobodyglass34,abraautobodyglass137,calibercollision35,calibercollision137,calibercollision0059,calibercollision0274,calibercollision0561,calibercollision0660,,calibercollision1044,,calibercollision1263,calibercollision1543,calibercollision1705,calibercollision2058,,calibercollision2933,calibercollision3363,,,calibercollision9038,
caliber1100thru1124,abraautobodyglass35,abraautobodyglass138,calibercollision37,calibercollision138,calibercollision0060,calibercollision0275,calibercollision0562,calibercollision0661,,calibercollision1046,calibercollision1150,calibercollision1265,calibercollision1544,calibercollision1708,calibercollision2059,,calibercollision2934,calibercollision3364,,,calibercollision9039,
caliber1100to1124,abraautobodyglass36,abraautobodyglass139,calibercollision38,calibercollision139,,calibercollision0062,calibercollision0563,calibercollision0565,,,calibercollision1151,calibercollision1152,calibercollision1266,calibercollision1545,calibercollision1709,,,calibercollision2937,calibercollision3366,,calibercollision9040,
caliber1125thru1149,abraautobodyglass37,,calibercollision39,calibercollision140,calibercollision0063,calibercollision0277,calibercollision0276,calibercollision0663,calibercollision0662,calibercollision1048,calibercollision1047,calibercollision1267,calibercollision1557,,calibercollision2060,calibercollision2507,calibercollision2938,calibercollision3367,,,calibercollision9041,
caliber1125to1149,abraautobodyglass38,abraautobodyglass140,calibercollision40,calibercollision141,calibercollision0064,calibercollision0278,calibercollision0566,calibercollision0667,,calibercollision1049,calibercollision1153,,calibercollision1558,calibercollision1710,,,calibercollision2939,calibercollision3368,,,calibercollision9042,
caliber1150thru1174,abraautobodyglass39,abraautobodyglass141,calibercollision41,calibercollision142,calibercollision0066,calibercollision0279,calibercollision0567,calibercollision0668,,,calibercollision1157,calibercollision1270,calibercollision1559,calibercollision1711,calibercollision2071,,calibercollision2940,calibercollision3369,,,calibercollision9043,
caliber1150to1174,,abraautobodyglass142,calibercollision42,calibercollision143,calibercollision0068,calibercollision0280,calibercollision0568,calibercollision0669,,calibercollision1051,calibercollisio1158a,calibercollision1271,calibercollision1564,calibercollision1712,calibercollision2073,calibercollision2526,calibercollision2943,calibercollision3371,,,calibercollision9044,
caliber1175to1199,abraautobodyglass40,abraautobodyglass143,calibercollision43,calibercollision144,calibercollision0069,calibercollision0281,calibercollision0569,calibercollision0670,,calibercollision1053,calibercollision1159,calibercollision1272,calibercollision1565,calibercollision1714,calibercollision2074,calibercollision2527,calibercollision2945,calibercollision3372,,,calibercollision9045,
caliber1200to1224,abraautobodyglass41,abraautobodyglass144,calibercollision44,calibercollision145,calibercollision0070,calibercollision0282,calibercollision0570,calibercollision0671,,calibercollision1054,calibercollision1160,calibercollision1273,calibercollision1566,calibercollision1716,calibercollision2075,calibercollision2528,calibercollsion2946,calibercollision3373,,,calibercollision9046,
caliber1225thru1249,abraautobodyglass42,abraautobodyglass146,calibercollision46,calibercollision146,calibercollision0071,calibercollision0283,calibercollision0571,calibercollision0677,,calibercollision1056,calibercollision1161,calibercollision1274,calibercollision1567,calibercollision1718,calibercollision2076,,,calibercollision3374,,,calibercollision9047,
caliber1225to1249,abraautobodyglass43,abraautobodyglass147,calibercollision48,calibercollision147,calibercollision0072,calibercollision0286,calibercollision0572,calibercollision0693,,calibercollision1057,calibercollision1162,calibercollision1275,calibercollision1568,calibercollision1719,calibercollision2077,calibercollision2530,,calibercollision3375,,,calibercollision9048,
caliber1250to1274,abraautobodyglass44,abraautobodyglass148,calibercollision49,calibercollision148,calibercollision0073,calibercollision0287,calibercollision0573,calibercollision0701,,calibercollision1058,calibercollision1164,calibercollision1400,calibercollision1570,calibercollision1720,calibercollision2078,calibercollision2536,,calibercollision3376,,,calibercollision9049,
caliber1275to1299,abraautobodyglass45,abraautobodyglass149,calibercollision50,calibercollision149,calibercollision0074,calibercollision0291,calibercollision0575,calibercollision0702,,calibercollision1059,calibercollision1165,,calibercollision1571,calibercollision1721,calibercollision2079,,,calibercollision3377,,,,
caliber1300to1324,abraautobodyglass46,,calibercollision51,calibercollision150,calibercollision0075,,calibercollision0576,calibercollision0703,,calibercollision1060,calibercollision1166,,calibercollision1572,calibercollision1722,,calibercollision2543,,calibercollision3378,,,calibercollision9999,
caliber1400thru1424,abraautobodyglass47,abraautobodyglass150,calibercollision52,calibercollision151,calibercollision0077,,calibercollision0577,calibercollision0704,,calibercollision1061,calibercollision1167,,calibercollision1573,calibercollision1723,calibercollision2086,,,calibercollision3379,,,,
caliber1400to1424,abraautobodyglass48,abraautobodyglass151,calibercollision54,calibercollision152,calibercollision0078,,calibercollision0578,calibercollision0707,,calibercollision1063,calibercollision1168,,calibercollision1575,calibercollision1728,calibercollision2087,,,calibercollision3380,,,,
caliber1450to1474,abraautobodyglass49,abraautobodyglass152,calibercollision56,calibercollision153,calibercollision0080,,calibercollision0581,calibercollision0711,,calibercollision1064,calibercollision1169,,calibercollision1576,calibercollision1729,calibercollision2088,calibercollision2561,,calibercollision3381,,,,
caliber1500to1524,,abraautobodyglass153,calibercollision58,calibercollision154,calibercollision0081,,calibercollision0582,calibercollision0712,,calibercollision1065,,,calibercollision1577,,calibercollision2089,calibercollision2566,,,,,,
caliber1525to1549,abraautobodyglass50,abraautobodyglass154,calibercollision59,calibercollision155,calibercollision0083,,calibercollision0583,calibercollision0714,,calibercollision1066,calibercollision1170,,calibercollision1578,calibercollision1730,,calibercollision2567,,calibercollision3501,,,,
caliber1550to1574,abraautobodyglass51,abraautobodyglass155,calibercollision60,calibercollision156,calibercollision0084,,calibercollision0584,calibercollision0715,,calibercollision1067,calibercollision1171,,calibercollision1579,calibercollision1731,,calibercollision2568,,calibercollision3502,,,,
caliber1575thru1599,abraautobodyglass52,abraautobodyglass156,calibercollision61,calibercollision157,calibercollision0085,,calibercollision0585,calibercollision0716,,,calibercollision1172,,calibercollision1581,calibercollision1732,,calibercollision2569,,calibercollision3505,,,,
caliber1575to1599,abraautobodyglass53,abraautobodyglass157,calibercollision62,calibercollision158,calibercollision0086,,calibercollision0586,calibercollision0717,,calibercollision1070,calibercollision1174,,calibercollision1583,calibercollision1737,,,,calibercollision3578,,,,
caliber1600to1624,abraautobodyglass54,abraautobodyglass158,calibercollision63,calibercollision159,calibercollision0087,,calibercollision0590,calibercollision0718,,calibercollision1071,calibercollision1175,,calibercollision1584,calibercollision1739,,calibercollision2570,,calibercollision3601,,,,
caliber1625thru1649,abraautobodyglass55,abraautobodyglass159,calibercollision64,calibercollision160,calibercollision0088,,calibercollision0591,calibercollision0719,,calibercollision1074,calibercollision1176,,calibercollision1588,,,calibercollision2571,,calibercollision3603,,,,
caliber1625to1649,abraautobodyglass56,,calibercollision65,calibercollision161,calibercollision0089,,calibercollision0592,calibercollision0720,,calibercollision1077,calibercollision1177,,,calibercollision1741,,calibercollision2572,,calibercollision3604,,,,
caliber1650to1674,abraautobodyglass57,abraautobodyglass160,calibercollision66,calibercollision162,calibercollision0090,,calibercollision0593,calibercollision0721,,,calibercollision1178,,,calibercollision1743,,calibercollision2573,,calibercollision3605,,,,
caliber1700thru1724,abraautobodyglass58,abraautobodyglass161,calibercollision67,calibercollision163,calibercollision0092,,calibercollision0594,calibercollision0724,,calibercollision1081,calibercollision1179,,,calibercollision1745,,calibercollision2575,,calibercollision3606,,,,
caliber1700to1724,abraautobodyglass59,abraautobodyglass162,calibercollision68,calibercollision164,calibercollision0093,,calibercollision0595,calibercollision0725,,calibercollision1085,,,,calibercollision1747,,calibercollision2576,,calibercollision3607,,,,
caliber1725to1749,,abraautobodyglass163,calibercollsion70,calibercollision165,calibercollision0094,,calibercollision0596,calibercollision0726,,calibercollision1086,calibercollision1183,,,calibercollision1748,,calibercollision2578,,calibercollision3608,,,,
caliber1750to1774,abraautobodyglass60,abraautobodyglass164,calibercollision71,calibercollision166,calibercollision0095,,calibercollision0597,calibercollision0727,,calibercollision1087,,,,calibercollision1749,,,,,,,,
caliber1775thru1779,abraautobodyglass61,abraautobodyglass165,calibercollision72,calibercollision167,calibercollision0096,,calibercollision0598,calibercollision0728,,calibercollision1088,calibercollision1190,,,,,calibercollision2580,,calibercollision3705,,,,
caliber1775to1799,abraautobodyglass62,abraautobodyglass166,calibercollision73,calibercollision168,calibercollision0097,,calibercollision0599,calibercollision0729,,,calibercollision1191,,,calibercollision1752,,calibercollision2581,,calibercollision3706,,,,
caliber1800to1824,abraautobodyglass63,abraautobodyglass167,calibercollision74,calibercollision169,calibercollision0098,,,calibercollision0731,,calibercollision1090,calibercollision1192,,,calibercollision1753,,calibercollision2582,,calibercollision3708,,,,
caliber1825to1849,abraautobodyglass64,abraautobodyglass168,calibercollision75,calibercollision170,calibercollision010,,,calibercollision0732,,calibercollision1091,calibercollision1193,,,calibercollision1758,,calibercollision2583,,calibercollision3709,,,,
caliber1900to1924,abraautobodyglass65,abraautobodyglass169,calibercollision76,calibercollision171,calibercollision0102,,,calibercollision0734,,calibercollision1093,calibercollision1194,,,,,calibercollision2584,,calibercollision3710,,,,
caliber2000to2024,abraautobodyglass66,,calibercollision77,calibercollision173,calibercollision0104,,,calibercollision0737,,calibercollision1094,calibercollision1195,,,calibercollision1760,,calibercollision2586,,calibercollision3712,,,,
caliber2025to2049,abraautobodyglass67,abraautobodyglass170,,calibercollision174,,,,calibercollision0738,,calibercollision1099,calibercollision1196,,,calibercollision1769,,calibercollision2587,,calibercollision3715,,,,
caliber2050to2074,abraautobodyglass68,abraautobodyglass171,calibercollision79,calibercollision175,,,,calibercollision0740,,,calibercollision1198,,,,,calibercollision2589,,calibercollision3716,,,,
caliber2075to2099,abraautobodyglass69,abraautobodyglass172,calibercollision80,calibercollision176,calibercollision0120,,,calibercollision0741,,,,,,calibercollision1770,,,,calibercollision3717,,,,
caliber2100to2124,,abraautobodyglass173,calibercollision81,calibercollision177,calibercollision0121,,,calibercollision0756,,,,,,calibercollision1771,,calibercollision2591,,calibercollision3718,,,,
caliber2300to2324,abraautobodyglass70,abraautobodyglass174,calibercollision82,calibercollision178,calibercollision0122,,,,,,calibercollision1200,,,calibercollision1773,,,,calibercollision3719,,,,
caliber2325thru2349,abraautobodyglass71,abraautobodyglass175,calibercollision83,,calibercollision0123,,,,,,,,,calibercollision1774,,,,calibercollision3720,,,,
caliber2325to2349,abraautobodyglass72,abraautobodyglass176,calibercollision84,calibercollision180,calibercollision0124,,,,,,,,,calibercollision1777,,calibercollision2607,,calibercollision3721,,,,
caliber2350thru2374,abraautobodyglass73,abraautobodyglass177,calibercollision85,calibercollision181,calibercollision0130,,,,,,,,,,,,,calibercollision3722,,,,
caliber2350to2374,abraautobodyglass74,abraautobodyglass178,calibercollision86,calibercollision182,calibercollision0131,,,,,,,,,,,calibercollision2619,,calibercollision3724,,,,
caliber2400to2424,abraautobodyglass76,abraautobodyglass179,calibercollision87,calibercollision183,calibercollision0133,,,,,,,,,calibercollision1901,,,,calibercollision3725,,,,
caliber2425to2449,abraautobodyglass77,,calibercollision88,calibercollision184,calibercollision0134,,,,,,,,,,,calibercollision2621,,calibercollision3727,,,,
caliber2500to2524,abraautobodyglass78,abraautobodyglass180,calibercollision89,calibercollision185,calibercollision0135,,,,,,,,,,,calibercollision2622,,calibercollision3729,,,,
caliber2525to2549,abraautobodyglass79,abraautobodyglass181,calibercollision90,calibercollision186,calibercollision0136,,,,,,,,,,,calibercollision2623,,calibercollision3730,,,,
caliber2550to2574,,abraautobodyglass182,calibercollision91,calibercollision187,,,,,,,,,,,,calibercollision2624,,calibercollision3731,,,,
caliber2575to2599,abraautobodyglass80,abraautobodyglass183,calibercollision92,calibercollision188,calibercollision0142,,,,,,,,,,,calibercollision2625,,calibercollision3733,,,,
caliber2600to2624,abraautobodyglass81,abraautobodyglass184,calibercollision93,calibercollision189,calibercollision0143,,,,,,,,,,,calibercollision2626,,calibercollision3736,,,,
caliber2625to2649,abraautobodyglass82,abraautobodyglass185,calibercollision94,,calibercollision0144,,,,,,,,,,,calibercollision2627,,calibercollision3741,,,,
caliber2650thru2674,abraautobodyglass83,abraautobodyglass186,calibercollision95,calibercollision190,calibercollision0151,,,,,,,,,,,calibercollision2628,,calibercollision3742,,,,
caliber2650to2674,abraautobodyglass84,abraautobodyglass187,calibercollision96,,calibercollision0152,,,,,,,,,,,,,calibercollision3743,,,,
caliber2675to2699,abraautobodyglass85,abraautobodyglass188,calibercollision97,calibercollision191,calibercollision0153,,,,,,,,,,,calibercollision2635,,calibercollision3748,,,,
caliber2700to2724,abraautobodyglass86,abraautobodyglass189,calibercollision98,calibercollision192,calibercollision0154,,,,,,,,,,,calibercollision2636,,calibercollision3754,,,,
caliber2725to2749,abraautobodyglass87,,calibercollision99,calibercollision193,calibercollision0155,,,,,,,,,,,calibercollision2637,,calibercollision3755,,,,
caliber2750to2774,abraautobodyglass88,abraautobodyglass190,calibercollision100,calibercollision194,calibercollision0156,,,,,,,,,,,calibercollision2639,,calibercollision3759,,,,
caliber2775to2799,abraautobodyglass89,abraautobodyglass191,,calibercollision195,,,,,,,,,,,,,,calibercollision3760,,,,
caliber2800thru2824,,abraautobodyglass192,,calibercollision196,,,,,,,,,,,,calibercollision2640,,calibercollision3761,,,,
caliber2800to2824,abraautobodyglass90,abraautobodyglass193,,calibercollision197,,,,,,,,,,,,calibercollision2641,,calibercollision3762,,,,
caliber2825thru2849,abraautobodyglass91,abraautobodyglass194,,calibercollision198,,,,,,,,,,,,calibercollision2642,,calibercollision3763,,,,
caliber2825to2849,abraautobodyglass92,abraautobodyglass195,,calibercollision199,,,,,,,,,,,,calibercollision2643,,calibercollision3764,,,,
caliber2850to2874,abraautobodyglass93,abraautobodyglass196,,calibercollision200,,,,,,,,,,,,calibercollision2644,,calibercollision3766,,,,
caliber2900thru2924,abraautobodyglass94,abraautobodyglass197,,calibercollision201,,,,,,,,,,,,calibercollision2645,,calibercollision3767,,,,
caliber2900to2924,abraautobodyglass95,abraautobodyglass198,,calibercollision202,,,,,,,,,,,,calibercollision2646,,calibercollision3771,,,,
caliber2925thru2949,abraautobodyglass96,abraautobodyglass199,,calibercollision203,,,,,,,,,,,,calibercollision2648,,calibercollision3772,,,,
caliber2925to2949,abraautobodyglass97,abraautobodyglass200,,calibercollision204,,,,,,,,,,,,,,,,,,
caliber2950to2974,abraautobodyglass98,,,calibercollision205,,,,,,,,,,,,calibercollision2652,,,,,,
caliber3000to3024,abraautobodyglass99,abraautobodyglass201,,calibercollision206,,,,,,,,,,,,,,,,,,
caliber3025thru3049,abraautobodyglass100,abraautobodyglass202,,calibercollision207,,,,,,,,,,,,calibercollision2663,,,,,,
caliber3025to3049,,abraautobodyglass203,,calibercollision208,,,,,,,,,,,,calibercollision2664,,,,,,
caliber3050thru3074,,abraautobodyglass204,,calibercollision209,,,,,,,,,,,,calibercollision2667,,,,,,
caliber3050to3074,,abraautobodyglass205,,calibercollision210,,,,,,,,,,,,calibercollision2668,,,,,,
caliber3200to3224,,abraautobodyglass206,,calibercollision211,,,,,,,,,,,,calibercollision2669,,,,,,
caliber3300thru3324,,abraautobodyglass207,,calibercollision212,,,,,,,,,,,,,,,,,,
caliber3300to3324,,abraautobodyglass208,,calibercollision213,,,,,,,,,,,,calibercollision2670,,,,,,
caliber3325thru3349,,abraautobodyglass209,,calibercollision214,,,,,,,,,,,,calibercollision2671,,,,,,
caliber3325to3349,,abraautobodyglass210,,calibercollision215,,,,,,,,,,,,calibercollision2672,,,,,,
caliber3350to3374,,abraautobodyglass211,,calibercollision216,,,,,,,,,,,,calibercollision2673,,,,,,
caliber3375thru3399,,abraautobodyglass212,,calibercollision217,,,,,,,,,,,,calibercollision2674,,,,,,
caliber3375to3399,,abraautobodyglass213,,calibercollision218,,,,,,,,,,,,calibercollision2675,,,,,,
caliber3400to3424,,abraautobodyglass214,,calibercollision219,,,,,,,,,,,,calibercollision2676,,,,,,
caliber3500thru3524,,abraautobodyglass215,,calibercollision220,,,,,,,,,,,,calibercollision2678,,,,,,
caliber3500to3374,,abraautobodyglass216,,calibercollision221,,,,,,,,,,,,calibercollision2679,,,,,,
caliber3500to3524,,abraautobodyglass217,,calibercollision222,,,,,,,,,,,,,,,,,,
caliber3600to3624,,abraautobodyglass218,,calibercollision223,,,,,,,,,,,,calibercollision2680,,,,,,
caliber3700thru3724,,abraautobodyglass219,,calibercollision224,,,,,,,,,,,,calibercollision2682,,,,,,
caliber3700to3724,,abraautobodyglass220,,calibercollision225,,,,,,,,,,,,calibercollision2683,,,,,,
caliber3725thru3749,,abraautobodyglass221,,calibercollision226,,,,,,,,,,,,calibercollision2684,,,,,,
caliber3725to3749,,abraautobodyglass222,,calibercollision228,,,,,,,,,,,,calibercollision2687,,,,,,
caliber3750to3774,,abraautobodyglass223,,calibercollision229,,,,,,,,,,,,,,,,,,
caliber3775to3799,,abraautobodyglass225,,calibercollision230,,,,,,,,,,,,calibercollision2695,,,,,,
caliber3800to3824,,,,calibercollision231,,,,,,,,,,,,,,,,,,
caliber4000to4024,,,,calibercollision233,,,,,,,,,,,,,,,,,,
caliber4100thru4124,,,,calibercollision234,,,,,,,,,,,,,,,,,,
caliber4100to4124,,,,calibercollision235,,,,,,,,,,,,,,,,,,
caliber4125to4149,,,,calibercollision236,,,,,,,,,,,,,,,,,,
caliber4200to4224,,,,calibercollision237,,,,,,,,,,,,,,,,,,
caliber4300to4324,,,,calibercollision238,,,,,,,,,,,,,,,,,,
caliber4325thru4349,,,,calibercollision239,,,,,,,,,,,,,,,,,,
caliber4325to4349,,,,calibercollision240,,,,,,,,,,,,,,,,,,
caliber4350to4374,,,,calibercollision241,,,,,,,,,,,,,,,,,,
caliber4400to4424,,,,calibercollision242,,,,,,,,,,,,,,,,,,
caliber5800thru5824,,,,calibercollision243,,,,,,,,,,,,,,,,,,
caliber5800to5824,,,,calibercollision244,,,,,,,,,,,,,,,,,,
caliber5825to5849,,,,calibercollision245,,,,,,,,,,,,,,,,,,
caliber5850to5874,,,,calibercollision246,,,,,,,,,,,,,,,,,,
caliber5875thru5899,,,,calibercollision247,,,,,,,,,,,,,,,,,,
caliber5875to5899,,,,calibercollision249,,,,,,,,,,,,,,,,,,
caliber5900thru5924,,,,calibercollision250,,,,,,,,,,,,,,,,,,
caliber5900to5924,,,,calibercollision251,,,,,,,,,,,,,,,,,,
caliber5925thru5949,,,,calibercollision252,,,,,,,,,,,,,,,,,,
caliber5925to5949,,,,calibercollision253,,,,,,,,,,,,,,,,,,
caliber6000to6024,,,,calibercollision254,,,,,,,,,,,,,,,,,,
caliber6025to6049,,,,calibercollision255,,,,,,,,,,,,,,,,,,
,,,,calibercollision256,,,,,,,,,,,,,,,,,,
,,,,calibercollision257,,,,,,,,,,,,,,,,,,
,,,,calibercollision258,,,,,,,,,,,,,,,,,,
,,,,calibercollision259,,,,,,,,,,,,,,,,,,
,,,,calibercollision260,,,,,,,,,,,,,,,,,,
,,,,calibercollision261,,,,,,,,,,,,,,,,,,
,,,,,,,,,,,,,,,,,,,,,,
,,,,,,,,,,,,,,,,,,,,,,
,,,,calibercollision262,,,,,,,,,,,,,,,,,,
,,,,calibercollision263,,,,,,,,,,,,,,,,,,
,,,,calibercollision264,,,,,,,,,,,,,,,,,,
,,,,calibercollision265,,,,,,,,,,,,,,,,,,
,,,,calibercollision266,,,,,,,,,,,,,,,,,,
,,,,calibercollision267,,,,,,,,,,,,,,,,,,
,,,,calibercollision268,,,,,,,,,,,,,,,,,,
,,,,calibercollision269,,,,,,,,,,,,,,,,,,
,,,,,,,,,,,,,,,,,,,,,,
,,,,calibercollision272,,,,,,,,,,,,,,,,,,
,,,,calibercollision273,,,,,,,,,,,,,,,,,,
,,,,,,,,,,,,,,,,,,,,,,
,,,,,,,,,,,,,,,,,,,,,,
,,,,,,,,,,,,,,,,,,,,,,
,,,,,,,,,,,,,,,,,,,,,,
,,,,calibercollision311,,,,,,,,,,,,,,,,,,